split,species_id,count,proportion
train,10,277,0.1453305351521511
train,12,277,0.1453305351521511
train,17,521,0.2733473242392445
train,18,278,0.1458551941238195
train,23,553,0.2901364113326338
test,10,69,0.14465408805031446
test,12,70,0.14675052410901468
test,17,130,0.27253668763102723
test,18,69,0.14465408805031446
test,23,139,0.2914046121593291
