model,val_f1_weighted,elapsed_seconds
random_forest,0.44291833710921613,2.582805800018832
extra_trees,0.4220777359243016,1.5050196999218315
hist_gradient_boosting,0.4223536879625142,18.62208990007639
soft_voting_ensemble,0.4372049324004197,17.367625499959104
